<?xml version='1.0' encoding='UTF-8'?>  
<!DOCTYPE hibernate-mapping PUBLIC  
 "-//Hibernate/Hibernate Mapping DTD 3.0//EN"  
 "http://hibernate.sourceforge.net/hibernate-mapping-3.0.dtd">  
  
 <hibernate-mapping>  
 <class name="com.Users" table="USERS">  
 <id name = "id" type = "int" column = "id">  
 <generator class="increment"></generator>  
 </id>  
 <property name = "email" column = "EMAIL" type = "string"/>
 <property name = "password" column = "PASSWORD" type = "string"/>  
 </class>  
         
 </hibernate-mapping> 